latitude___n,longitude___e
35.94,70.17
24.09,94.08
22.31,96.34
36.44,71.63
24.13,93.94
28.87,81.65
33.1,92.97
36.26,70.65
36.75,70.5
30.27,69.59
36.66,71.06
36.74,70.04
11.77,93.45
35.99,70.05
36.2,70.79
36.81,75.3
24.67,94.27
37.77,72.39
22.62,92.52
35.89,70.29
36.32,69.54
25.39,96.99
27.99,93.9
36.3,70.77
31.89,71.69
29.2,80.95
12.91,92.94
12.87,92.8
29.71,80.44
25.09,95
35.66,69.75
12.52,92.68
22.94,95.85
33.21,75.33
33.15,85.69
37.47,71.38
12.85,95.26
35.94,70.43
28.25,84.1
32.67,73.54
24.99,96.94
26.52,93.29
36.4,70.65
36.67,72.26
26.24,90.83
32.97,83.46
33,84.24
34.38,73.66
36.44,71.11
26.87,91.97
25.46,94.5
36.6,70.15
36,70.29
33.24,83.35
36.55,70.27
37.38,72.38
36.83,72.54
9.8,93.22
37.34,71.89
37.6,72.31
13.23,92.22
35.89,72.74
34.74,74.97
24.1,93.83
24.15,93.88
31.51,81.07
31.47,81.17
37.51,71.93
27.42,86.88
36.16,71.3
35.07,76.04
36.74,76.79
11.28,91.74
24.13,93.8
37.96,73.55
26.74,96.93
25.71,94.21
10.84,91.69
26.09,95.23
23.67,90.91
25.66,91.5
15.69,80.24
36.72,71.02
34.99,72.83
36.43,69.86
35.84,70.99
36.03,77.67
36.68,70.6
36.01,69.15
36.66,70.93
22.79,95.82
29.83,70.02
36.54,71
33.81,69.2
32.63,73.5
36.1,69.81
9.7,92.04
36.26,70.19
23.97,93.88
36.85,71.55
24.48,94.93
37.4,75.92
29.32,92.16
15.54,80.27
24.02,72.72
33.37,68.78
36.74,71.42
36.11,70.52
25.61,92.67
22.73,92.69
29,77.64
36.63,70.87
29.74,69.55
36.78,70.99
13.44,91.83
7.43,91.87
31.2,69.92
32.15,68.93
36.47,71.34
9.56,93.9
25.87,90.6
30.27,79.49
28.71,86.43
23.79,94.54
10.79,93.78
38,74.07
37.22,71.74
33.1,83.52
36.69,70.83
35.82,70.64
21.83,89.6
37.16,71.56
26.66,92.8
25.67,91.52
37.02,71.55
14.09,92.8
36.72,71.61
33.86,80.87
36.55,71.68
36.13,70.63
36.65,71.32
24.03,93.85
37.07,71.71
14.17,93.85
35.61,70.39
28.15,95.71
24.58,96.25
36.52,70.75
26.91,92.65
36.78,69.99
26.33,92.4
26.45,92.64
10.13,92.39
26.67,92.51
14.16,92.92
28.76,82.41
28.63,81.88
37.53,71.65
28.85,82.39
27.35,88.14
12.17,94.57
36.16,70.54
36.38,68.3
28.11,84.58
28,84.81
27.89,85.64
28.16,85.9
28.08,86.04
27.45,85.57
27.74,85.53
27.61,85.72
27.52,85.68
26.64,84.61
27.81,84.65
27.62,85.02
27.43,85.44
28.4,87.19
27.81,85.48
27.97,85
27.9,84.55
27.52,85.67
27.44,85.82
27.66,85.82
27.74,85.43
27.79,85.75
27.51,85.79
27.37,85.26
27.91,84.62
27.85,85.07
27.19,85.8
27.47,85.77
27.52,85.36
27.83,85.57
28.2,85.85
27.55,85.35
28.03,84.56
27.58,85.9
27.75,85.79
27.78,84.93
27.51,85.94
28,84.52
27.48,85.47
27.94,84.82
27.94,85.35
27.99,84.84
27.68,85.9
27.59,85.83
27.61,85.94
27.73,85.97
27.85,85.65
27.69,85.93
27.08,85.38
35.88,68.04
27.65,85.78
27.73,85.51
28.44,86.29
28.08,84.73
26.36,92.83
27.63,85.74
27.9,85.25
27.77,85.48
28.03,84.97
27.88,85.79
27.69,85.09
27.52,85.66
27.48,85.85
27.09,84.69
27.66,85.92
28.12,85.14
27.67,85.98
26.84,88.1
27.91,84.79
27.63,85.67
27.67,85.99
27.52,85.17
27.82,84.72
31.64,83.88
27.74,85.64
27.9,84.53
27.91,85.37
37.17,71.79
27.56,85.8
27.63,85.68
27.44,85.83
26.85,92.47
37.28,71.85
27.62,84.73
27.69,85.4
27.77,85.52
28.06,87.26
27.61,84.68
28.7,96.52
27.59,85.74
26.45,94.74
26.46,92.69
26.06,95.02
28.25,85.82
27.71,85.88
10.88,91.89
27.98,84.76
27.8,85.7
27.7,86.17
27.73,85.82
27.81,85.48
28.04,84.7
36.37,70.93
28.34,85.11
27.7,85.96
27.73,85.86
28,84.87
27.69,84.74
28,87.67
27.98,85
27.63,85.82
27.44,85.89
27.76,86.11
27.53,85.92
27.81,85.71
28.04,84.92
27.57,85.95
27.83,85.89
28.25,84.44
28.6,86.56
12.73,92.04
27.43,85.46
27.6,85.12
36.34,70.72
27.8,85.31
27.87,85.57
27.51,85.82
29.11,76.85
27.61,85.76
28.01,85.13
23.56,70.36
27.76,85.88
36.27,71.12
36.27,70.11
27.47,85.46
27.66,85.74
27.81,85.64
28.25,85.89
27.79,85.29
36.04,70.71
36.64,70.22
37.79,68.64
27.53,86.01
28.11,86.32
28.77,86.24
27.64,86.24
27.35,86.53
27.27,86.04
28.12,86.17
27.83,85.93
27.64,85.97
27.63,85.98
27.16,86.1
27.1,85.79
27.5,85.75
27.52,86.04
27.31,85.85
27.55,86.19
27.93,85.8
27.57,85.85
28.01,86.3
27.37,85.97
27.71,86.4
28.44,86.4
27.22,85.82
28.93,86.52
27.43,85.82
29.52,87.77
28.11,87.11
27.85,85.49
27.63,86
27.42,86.21
27.44,85.85
27.24,86.06
28.14,86.2
27.49,86.03
27.33,86.79
28.3,86.39
27.37,85.11
28.35,86.03
27.48,86.06
27.57,85.83
27.65,86.07
28.07,86.23
27.58,85.91
27.51,85.92
27.16,86.2
28.56,86.41
27.47,86.03
27.37,85.78
27.5,85.77
27.97,85.77
28.58,86.07
27.22,86.25
27.57,86.18
27.42,86
27.86,86.25
27.6,86.14
27.93,85.99
27.67,85.91
27.53,86.14
27.49,86.39
28.11,86.38
27.56,86.06
27.25,86.01
27.22,85.14
27.61,86.1
27.56,85.82
27.85,84.69
27.82,85.94
27.66,86.31
27.47,86.13
27.6,86.18
27.77,86.13
27.66,86.11
27.64,86.06
27.6,86.14
28.03,86.37
27.57,86.17
27.45,86.03
28.35,85.36
27.73,85.58
27.44,85.86
27.7,86.14
27.35,85.95
27.6,86.07
27.49,85.97
27.61,85.17
27.66,84.71
27.52,86.1
27.96,84.77
27.5,85.72
31.7,69.11
27.42,86.06
27.3,86.11
28.03,84.89
27.53,86.01
27.27,85.79
30.27,69.44
27.41,86.14
29.32,69.04
28.41,85.33
36.53,71.07
28.04,84.81
8.37,93.15
34.38,73.58
27.56,85.93
27.86,85.99
27.51,85.17
36.24,71.38
27.83,86.26
27.79,85.31
22.91,96.07
36.33,70.14
28.13,85.11
27.66,86.19
27.8,85.87
29.78,81.68
24.69,93.29
30.42,79.23
26.37,93.47
28.24,86.43
27.88,84.61
28.24,86.31
28.44,87.34
22.27,93.88
27.73,85.44
27.95,85.11
24.37,94.03
27.57,86.12
27.82,85.46
27.92,85.03
37.35,72.2
28.17,93.39
25.76,90.99
28,84.89
26.16,90.03
27.76,84.72
27.76,84.74
29.45,85.59
34.87,91.13
27.69,85
36.72,70.65
26.54,96.18
36.39,70.1
37.83,72.88
28.65,77.79
37.98,73.67
30,81.83
25.77,89.92
27.66,85.74
30.44,79.25
36.85,70.1
27.53,92.92
27.69,85.54
18.99,94.61
36.64,70.88
6.94,92.37
27.68,85.72
27.79,85.65
28.28,84.82
22.98,94.29
27.62,86.04
35.91,69.92
14.03,93.67
27.55,86.04
36.4,71.28
28,85.74
28.06,85.8
36.53,70.01
37.21,71.72
22.26,94.12
27.5,85.03
27.51,85.46
28.24,85.93
36.33,70.66
28.37,70.5
22.8,92.17
36.55,70.32
28.48,82.73
37.83,72.03
27.67,85.98
27.65,86.17
37.07,72.26
30.45,77.92
24.74,94.94
28.47,85.35
36.68,68.41
29.84,80.21
35.4,70
34.8,69.39
26.4,90.25
32.2,69.35
27.5,86.21
26.54,94.98
27.71,85.61
27.4,85.72
36.47,71.14
26.06,90.78
27.47,91.26
27.85,85.63
34.77,73.34
25.84,89.86
13.2,93.24
37.5,78.07
36.99,78.16
37.31,78.33
12.06,94.67
37.62,78.01
37.37,78.79
11.95,94.89
36.57,70.93
23.78,94.01
27.67,84.99
13.25,93.17
24.7,95.24
37.43,78.37
28.49,85.87
29.47,81.63
34.87,73.99
27.41,94.06
26.75,90.5
27.61,86.14
25.18,90.77
36.76,70.54
17.21,73.75
37.28,71.5
36.97,70.85
26.63,96.57
37.29,77.24
35.82,70.66
36.66,70.55
36.74,70.06
37.12,68.53
37.86,68.49
31.15,95.42
30.45,79.17
36.66,71.48
30.47,94.4
18.96,97.21
24.4,93.69
30.5,94.32
27.64,85.08
30.34,94.01
15.81,73.9
21.35,80.11
33.96,72.25
33.7,72.64
35.57,69.34
36.1,70.55
36.8,71.34
30.04,80.7
36.41,70.88
27.47,91.08
30.62,94.81
30.59,94.46
28.57,87.58
30.74,94.99
30.74,94.57
11.7,92.3
37.33,71.64
36.65,70.99
34.67,70.27
30.19,80.51
36.85,82.14
30.17,93.69
30.16,79.37
36.47,69.86
31.19,95.59
36.23,70.05
27.98,84.64
36.46,69.66
36.1,71.38
17.81,95.71
31.32,94.76
24.63,94.81
31.88,95.27
30.56,96.35
30,96.26
26.73,86.12
34.82,72.61
27.33,88.01
23.12,97.11
27.57,86.03
17.24,95.19
36.06,70.5
13.74,92.53
37.43,68.75
27.7,85.97
35.35,71.18
31.5,76.99
36.94,70.54
25.71,89.5
35.4,70.6
36.93,71.67
27.73,86.07
28.61,86.92
17.17,73.78
18.7,84.39
36.76,71.21
37.21,71.57
29.65,95.54
36.69,71.07
35.88,69.47
25.75,89.6
13.83,92.84
24.8,95.31
27.57,85.59
35.73,78.39
28.24,87.16
36.53,71.17
27.51,86.15
30,79.65
27.61,75.68
36.7,70.56
37.57,71.36
36.28,69.82
26.23,92.8
35.83,78.21
26.19,92.79
23.22,93.55
36.76,71.04
28.21,87.74
36.74,70.75
36.55,71.36
36.84,71.87
36.01,70.37
37.43,71.4
29.8,80.55
28.58,76.26
35.67,78.83
35.31,78.97
28.08,86.28
37.92,78.81
24.64,94.57
23.9,93.95
23.25,93.72
7.6,94.44
37.05,71.58
27.65,85.03
23.09,94.36
37.01,70.98
13.2,92.5
36.57,71.16
37.38,71.81
38,78.96
37.29,71.76
36.48,70.75
26.52,91.72
23.09,94.46
24.42,94.67
36.25,70.98
28.48,69.32
37.27,72.36
7.26,92.31
7.33,92.38
21.07,94.11
29.82,80.56
27.81,85.82
30.64,69.58
10.02,93.97
36.45,71.53
22.27,93.36
36.72,71.08
36.23,71.64
35.98,70.73
27.56,86.09
27.31,85.93
31.55,86.52
28.87,76.68
27.92,86
27.6,86.05
28.79,85.11
36.8,70.82
31.49,77.05
28.57,86.32
37.85,79.21
36.38,70.02
28.62,77.18
28.57,86.27
27.23,88.65
24.26,96.29
24.86,94.16
35.74,69.75
28.95,86.28
36.7,70.4
35.81,69.9
24.75,94.4
36.42,70.57
29.67,80.42
36.15,70.51
37.49,71.94
36.01,69.23
31.6,95.44
29.58,70.06
29.27,70.44
29.49,70.36
29.55,70.05
29.53,70.07
29.66,69.75
29.6,70.23
29.62,70.24
36.25,78.15
30.13,80.33
36.84,70.29
36.58,70.11
36.22,70.57
36.36,70.04
35.4,69.54
36.56,69.86
36.44,70
35.99,69.9
36.64,70.01
36.42,69.61
36.53,69.96
36.53,69.98
35.96,70.02
36.29,70.13
36.1,69.84
36.11,70
36.39,70.07
24.56,94.94
36.69,69.91
36.42,70.05
36.72,70.61
36.07,70.12
36.21,70.64
36.48,70.14
36.59,70
36.11,69.92
36.61,70.31
24.17,93.12
35.47,70.77
24.58,92.39
36.58,68.95
36.7,70.48
25.76,92.18
36.74,70.31
36.56,70.58
32.09,69.12
32.2,68.79
28.83,76.69
20.43,73
36.83,70.24
31.7,74.32
36.56,70.36
23.64,94.42
6.35,95.02
6.61,95.2
7.12,94.52
6.95,94.36
6.34,94.9
36.32,70.1
6.57,94.81
6.93,94.61
6.43,94.25
6.94,94.41
6.34,94.76
6.23,94.84
6.66,94.67
36.77,71.09
24.61,94.53
29.82,80.66
6.73,94.51
13.54,93.49
36.47,70.13
24.72,94.73
36.34,70.36
36.51,71.7
37.15,71.74
31.98,95.15
36.61,70.18
29.73,80.72
27.68,85.6
32.68,76.36
37.32,71.53
36.11,71.47
36.98,71.27
36.59,71.68
27.92,84.78
29.61,90.02
26.42,92.97
36.42,71.59
22.39,94.38
34.97,73.89
10.69,91.49
12.55,93.84
30.62,79.68
36.6,71.46
34.94,69.72
36.26,68.64
18.62,71.49
36.28,69.82
28.8,76.87
37.46,72.17
36.17,70.27
37.97,72.75
37.87,71.14
36.58,70.08
35.7,70.07
29,77.01
29.91,95.69
24.6,95.39
26.37,93.33
36.18,70.84
27.28,97.04
24.17,86.56
36.75,71.28
12.71,93.63
34.41,82.59
9.07,93.58
29.17,81.42
25.01,90.43
26.28,93.07
25.68,94.92
37.68,71.79
26.25,90.91
36.44,71
29.25,81.52
7.65,91.46
36.35,69.76
35.67,70.64
35.54,72.83
27.2,92.91
36.51,70.62
30.23,79.59
17.38,73.64
24.94,91.57
8.19,94.04
29.84,80.37
36.46,70.12
36.66,70.62
25.02,93.38
12.35,93.63
25.33,93.18
24.8,93.48
25,93.37
27.9,92.91
36.49,70.55
36.64,70.79
36.71,70.93
27.66,85.61
35.98,69.04
37.08,71.1
36.21,70.9
36.58,71.21
32.78,91.38
29.64,88.18
36.34,70.06
36.17,71.02
36.11,70.29
24.88,92.39
11.52,92.79
36.49,69.94
36.6,69.22
37.01,70.94
37.46,72.13
26.37,93.08
24.26,94.56
27.97,85.01
35.94,70.08
36.71,71.21
36.5,70.21
26.93,92.24
36.31,70.86
36.15,70.13
36.91,71.25
36.95,70.53
29.7,88.23
37.1,69.48
13.77,93.78
29.73,88.14
36.76,71.39
27.12,75.4
36.44,70.28
28.72,76.49
29.64,84.31
29.59,84.23
23.89,93.81
26.51,93.29
32.69,75.88
13.96,93.12
27.76,85.37
36.8,70.78
36.34,70.87
25.04,94.86
31.52,86.58
32.87,76.21
27.62,85.64
36.08,70.78
36.34,71.05
25.68,91.92
36.72,71.32
36.73,71.07
27.22,89.34
30.05,70.12
30.32,79.88
26.24,93.43
6.36,94.99
36.94,70.2
31.72,69.78
37.93,73.72
36.57,70.2
7.09,92.66
30.92,78.28
36.34,70.61
36.2,78.29
28.29,84.22
8.32,91.78
32.53,95.31
24.84,72.19
36.6,70.16
35.99,71.2
27.51,85.57
13.17,94.05
11.1,94.1
36.08,68.13
26.73,95.31
29.7,69.62
33.62,81.71
35.6,70.02
24.47,92.84
30.98,68.93
36.72,71.76
24.47,92.93
20.9,94.89
29.87,82.15
22.82,93.82
9.38,93.03
37.31,71.8
36.73,69.96
25.63,91.88
25.64,91.9
35.1,72.88
22.8,94.11
36.35,84.25
36.34,70.06
10.72,91.84
36.86,69.95
26.85,89.13
27.74,84.84
26.27,92.4
10.54,94.16
27.79,85.63
30.44,97.79
34.78,78.46
36.53,71.41
25.81,73.21
36.79,70.78
36.38,70.44
30.58,93.31
36.46,71.71
25.25,92.49
26.3,96.39
36.41,71.18
24.54,96.46
36.86,71.13
24.91,93.95
35.45,71.56
27.83,88.1
36.44,70.67
36.43,70.61
36.73,70.27
36.9,70.51
24.68,93.04
26.04,90.75
32.53,76.11
27.85,85.65
36.38,70.27
23.86,94.15
24.18,94.54
27.62,86.06
36.75,70.39
25.83,90.53
36.6,71.12
26.94,75.25
34.37,69.23
36.33,70.59
36.38,70.6
36.37,69.85
36.93,70.86
27.54,85.27
36.28,71.17
36.6,69.95
36.23,70.87
29.95,80.27
36.05,70.85
36.25,70.64
26.06,90.86
27.54,86.12
36.66,71.02
24.84,94.21
37.41,71.99
23.1,94.66
23.11,94.39
23.78,94.09
23.05,93.29
24.94,92.46
35.68,69.9
36.77,71.46
36.24,70.55
28.29,87.25
36.5,71.37
25.58,91.02
12.98,92.32
24.86,92.76
28.49,87.95
10.58,93.4
36.56,69.75
36.31,70.77
9.93,93.23
24.67,96.93
32.2,95.22
32.53,94.93
27.99,85.01
37.25,71.76
10.57,91.43
28.05,85.36
35.37,81.58
37.38,72.16
35.99,70.12
36.61,70.46
22.23,94.52
37.25,72.48
29.95,88.32
36.88,71.61
30.07,79.93
30.02,79.92
23.74,94.28
28.7,92.18
26.45,92.98
25.44,91.71
36.72,70.96
28.38,85.88
26.24,92.82
23.3,70.38
11.32,91.47
11.4,91.49
30.42,69.86
32.06,94.78
27.84,84.59
36.49,70.75
36.13,71.05
24.38,94.19
24.48,94.37
36.41,68.39
24.36,72.58
27.92,85.55
27.89,85.53
23.5,70.35
36.7,71.31
36.68,70.42
26.13,90.28
26.44,88.96
36.36,71.39
25.56,91.58
17.47,73.81
32.63,95.22
17.42,73.68
17.39,73.82
17.36,73.82
22.84,94
34.96,69.06
24.91,92.11
28.83,87.52
17.48,73.92
23.92,94.55
28.48,87.54
28.15,87.87
28.28,87.36
28.46,87.46
28.49,87.47
28.29,87.56
28.44,87.7
27.68,85.11
33.16,75.61
28.69,87.69
26.5,96.82
24.85,94.57
36.12,78.06
14.95,79.32
14.94,79.4
27.9,85.51
36.7,70.9
23.31,70.26
36.31,70.97
31.13,92.43
25,93.38
36.15,70.6
36.8,70.97
36.71,71.14
36.62,70.64
36.03,70.19
27.92,94.1
27.4,92.63
30.07,80.46
36.58,71.23
22.65,93.86
37.71,71.84
25.74,95.14
36.66,71.21
17.29,73.81
27.61,92.75
27.78,84.57
36.05,69.98
36.46,71.01
37.13,71.25
28.29,85.34
35.87,73.33
22.72,94.37
31.93,85.32
24.44,94.3
35.69,70.76
36.94,71.07
24.15,93.65
27.31,95.2
35.94,70.56
22.71,92.25
32.18,68.65
23.18,94.18
28.79,87.43
24.48,92.12
29.36,81.26
29.46,81.48
30.16,70.07
21.33,94.18
36.3,69.85
24.98,95.11
29.48,81.22
20.77,93.98
25.11,94.37
36.73,69.1
37.65,72.14
25.98,95.6
29.94,70.32
22.42,93.57
25.2,94.53
24.83,94.89
36.53,70.38
37.08,71.9
37.12,71.62
35.21,73.04
36.6,70.65
28.99,84.1
29.4,81.22
27.88,86.14
36.85,71.76
36.23,71.56
36.08,72.18
30.37,79.29
36.49,71.35
36.63,72.44
36.32,70.59
36.75,71.45
36.46,70.35
24.51,94.52
11.83,95.31
26.44,93.36
15.52,93.84
21.64,72.49
31.15,74.22
36.6,70.46
36.95,71.61
35.62,69.89
22.97,93.99
31.36,77.6
37.26,72.3
12.81,93.22
36.57,71.14
36.65,70.42
26.49,92.36
21.68,94.22
24.73,94.27
28.42,87.63
29.69,94.72
24.71,94.31
21.35,94.61
31.33,77.55
36.54,71.36
34.19,72.04
24.54,94.43
36.25,69.97
28.58,95.58
35.37,68.59
36.44,70.61
37.89,72.22
36.15,70.82
7.51,92.73
8.22,93.03
36.38,70.92
37.55,72.03
25.65,90.84
34.39,86.27
35.29,81.1
36.81,71.19
29.13,76.89
36.48,71.02
22.61,94.49
36.56,70.53
31.97,77.98
12.01,93.79
30.96,78.14
22.57,95.96
27.56,92.8
37.22,71.96
25.65,93.22
24.86,94.14
25.58,93.55
28.11,76.13
36.46,71.32
36.44,71.07
25.6,93.21
23.85,94.39
35.45,69.33
20.95,94.27
20.88,94.45
29.8,80.38
24.26,94.44
9.09,94.47
31.34,73.41
31.35,77.61
31.42,77.61
31.34,77.57
31.32,77.54
31.46,77.59
31.5,77.63
23.93,93.71
36.69,77.39
32.79,76.29
25.81,93.17
28.15,88.55
36.33,70.39
25.69,90.84
36.55,70.53
36.52,70.68
24.7,93.39
34.18,86.09
36.36,71.52
35.99,70.12
34.87,72.21
28.93,94.93
24.43,94.43
26.53,92
36.49,71.12
27.36,97.29
27.87,92.11
13.62,92.69
27.75,86.25
35.01,72.53
27.18,94.54
28.35,95.01
26.68,89.41
30.05,82.89
36.24,70.28
29.59,82.53
28.59,76.63
9.07,93.51
36.48,70.27
17.7,73.68
26.95,92.45
35.69,70.81
36.53,70.65
10.89,91.51
36.67,70.84
9.93,91.46
24.44,93.82
27.13,90.02
26.92,93.64
26.76,88.43
27.76,85.72
7.98,92.12
10.51,92.83
32.03,97.27
37.58,71.73
26.73,92.57
24.99,95.54
25.94,68.03
7.96,94.28
36.62,70.44
25.8,94.89
23.61,69.91
30.53,78.98
36.48,70.61
8.3,94.25
37.74,72.62
37.16,72.38
35.1,73.44
30.9,88.59
37.4,71.9
24.78,94.7
34.05,75.53
36.53,70.22
34.34,68.9
36.85,71.57
26.39,92.99
34.76,69.44
27.67,86.29
28.93,78.11
36.65,70.92
27.84,87.37
25.34,94.92
25.22,95.35
27.01,92.02
29.95,80.25
29.99,80.17
32.97,75.92
25.37,91.79
36.72,71.54
37.21,72.24
36.81,71.55
37.88,72.1
36.52,71.06
29.69,80.39
36.87,70.52
36.72,70.7
36.97,71.52
32.87,94.56
22.63,92.6
24.84,91.08
33,94.79
36.02,71.65
30.85,69.6
24.88,91.08
37.71,71.79
24.79,94.08
34.74,72.42
36.56,70.78
25.81,90.25
36.9,71.82
37.38,72.23
34.31,72.11
36.4,70.79
7.88,91.95
22.95,94.31
23.23,92.78
29.85,80.15
21.79,93.55
36.3,71.11
26.27,95.06
23.45,70.15
35.78,68.8
36.87,70.78
26.54,93.01
26.51,92.57
36.61,77.39
7.19,91.9
37.74,69.2
10.45,93.67
37.39,71.56
24.67,92.38
24.6,93.66
36.71,70.57
37.65,72
31.43,75.78
27.75,76.56
26.41,93.34
36.97,70.67
32.59,96.57
36.7,71.22
36.38,70.12
27.99,91.74
37.1,71.51
36.51,70.92
36.26,69.76
30.46,78.1
26.45,93.31
24.69,94.7
24.79,94.5
33.52,72.4
17.25,73.83
13,92.97
7.18,92.47
36.8,70.58
27.66,86.47
31.17,77.55
36.88,70.59
29.82,80.57
27.51,88.78
25.02,94.6
33.26,75.67
11.06,91.76
36.53,70.33
23.82,94.46
36.04,71.67
23.4,70.5
36.5,71.06
23.45,94.62
24.58,94.87
23.84,93.88
34.35,68.61
33.9,69.08
36.56,70.51
25.73,91.9
29.18,77.9
25.32,91.07
30.93,78.02
26.34,93.34
30.95,77.99
22.84,94.17
36.69,70.9
36.51,70.56
34.32,73.86
29.36,94.87
30.89,77.96
24.87,94.28
26.29,93.23
36.37,71.28
25.18,93.95
12.23,92.31
36.66,70.63
30.89,77.95
25.73,74.24
22.73,94.52
31.6,77.25
34.67,73.51
13.15,93.3
13.25,92.15
36.05,69.68
36.63,71.36
23.4,94
24.1,91.9
24,92
25.1,95
24.1,91.9
25.2,94.4
30.3,79.4
28.3,94.1
26.5,95.4
27.6,88.6
24.5,94.8
23.9,93
30.8,78.2
25.5,94.6
25.6,91.7
36.4,71.5
24.8,92.8
26.4,93.5
30.5,79.2
32.6,76.6
27.9,93.8
30.6,79
30.5,79.1
25.2,63.4
26.9,92.9
23.9,91.8
30.5,79.1
25.6,90.8
26.2,92.8
26.6,93
27.3,88.1
23.7,94.5
28.7,96
24.1,93.4
24.1,92.1
28.7,96
27.3,85.9
27.3,85.9
32.3,76.6
24.3,94.2
5.5,90.9
25.2,94.6
35.7,74
26.8,90.5
32.5,76.6
35.9,71.7
25,94.2
8.5,91.9
24.6,72.1
6.4,92.2
32.7,75.6
11.5,92.7
9.9,94
24.9,92.1
25,95.1
27.3,88.6
26.5,93.5
26.1,91.3
26.5,93
14.5,92.9
30.4,79.1
30.7,78.6
27,95.6
23.9,93.9
24.6,93.3
26,91
30.5,79.1
26.1,91.4
25.1,91.5
33.8,76.6
31.6,77.9
12.6,77.4
31.6,77.9
23.4,94.1
25.6,90.6
24.1,93.5
13.8,93.1
27.6,96.3
27.5,96.2
32.9,75.5
24.7,94.5
13.9,92.7
36.4,75.3
23.8,93.8
26.6,93.2
26.3,92.7
27.3,88.2
11.4,94.8
13,93.9
24.9,94.5
32.8,76.3
32.8,76.2
32.8,76.2
28.1,95.1
13.6,94
32.5,76.8
33.9,75.8
23.9,94.3
24.4,94
33.4,73.9
26.7,88.8
32.9,75.5
12.2,92.6
28.8,76.7
25.5,93.9
28.8,76.7
17.1,73.8
17.1,73.8
24,92.1
32.7,74.7
27.8,95.7
30.7,78.4
32.9,76.5
24.1,93.4
27,94.4
27,94.4
24.7,93.9
27.1,92.5
17,73.7
25.7,87.1
24.4,94.2
24.2,93.6
25.1,93.9
23.8,94.4
24.3,94.4
26.5,90
27.4,86.5
27,92.1
25.9,90.3
27.5,92.5
27.3,88.5
34.6,73.5
29.2,95.5
27.1,93.8
30.4,79.2
23.6,94.2
28.8,81.5
30.6,77.7
24.9,95
24.3,91.7
26.8,89.2
25,94.2
24.7,94.1
33.1,76.4
24,92.1
25.2,94.5
26.9,95.8
26.3,93.1
24.1,93.6
26.9,92.3
24.4,93.4
26.8,92.2
6.3,94.9
26.3,91.7
24.4,93.5
13.8,92.9
27.3,96.6
19.5,77.2
32.7,76.3
32.7,76.4
25.9,94.4
26.6,95.4
17.3,73.7
30.5,79.9
29.2,81.1
36,74.3
17.1,73.9
24.9,94.1
26.6,92.7
26,94.5
24.9,93.9
9.2,93
8.2,93.4
10,93.6
25.2,90
36.9,71.7
27.9,96.3
11,94.1
24.4,93.9
12.2,93.1
13.6,91.8
38,144.6
24.3,93.6
25,94.6
34,74.7
32.8,76.2
24.7,94.4
24.4,94.1
26.5,92.8
23.7,92.9
13,92
13,92
28.6,96.1
12.9,91.9
32.5,76.7
25.1,94.5
26.8,89.3
26.8,95.5
12.3,95.2
27.8,96
27.7,96
12.6,91.9
19.8,84.1
33.5,76.1
33.6,75.3
6.3,92.9
14.1,92.7
32.5,76.4
31.3,77.2
36.2,70.5
28.4,76.2
18.1,76.6
29.3,83.1
26.5,92.6
29.9,77.7
24.1,91.2
17.6,73.6
27.1,92.7
29.1,79.2
36,70
24.7,94.3
30.1,95.1
29.9,80.2
26.4,73.8
23.7,94.5
24.6,93.8
30.4,76
27.4,88.3
25.2,93.3
22.7,86.1
35.5,77.6
17.6,73.3
30.4,79.1
25.6,91.6
27.8,85.5
33.3,76.8
34.3,78.8
12.3,93.7
25.6,90.6
26.4,93.7
27.6,94.3
27.4,92.5
10,93.1
23.5,94.1
19.8,73.2
9,77.2
30.4,79.2
26.8,95.9
8.6,92.4
25.5,91
27.3,92.7
19.8,73.1
26.8,92.3
24.8,94
6.6,95.2
26,92.3
26.1,92.1
26.3,92.8
24.7,94.7
25.7,90.4
32.1,75.7
18.4,94
12.2,92.3
36.5,70.7
17.3,73.9
24,94.3
26.3,89.8
17.3,73.8
21,70.6
8.3,91.7
25.9,90.3
37.4,69.6
37.4,69.6
17.3,73.9
24.3,93.2
30.8,78.1
12.3,93
27.3,92.5
22.8,93.1
33.1,75.6
6.1,92.6
26.2,92.9
26.8,92.7
27.2,92.4
24,93.5
17.3,73.8
26.5,93.4
6.8,93.5
35.7,76.1
25.2,93.7
33.2,76.1
24.5,93.4
26.3,89.6
36.4,70.7
23.2,70.8
29.7,80.1
25,94.5
24.2,82.6
8.4,91.4
21.5,73.2
24.6,93.1
13.2,92.4
28.8,76.9
23.1,94.4
25.4,88.8
29.2,76.8
36.9,71.3
36.5,71
25.2,92.6
32.3,76.6
6.9,94.5
7,94
26.5,93.2
31.6,78.4
31.1,77.8
31.8,78.4
29.7,80.7
26.5,93.6
10,93.9
31.6,78.2
8.6,94.3
36.5,71
27.2,96.8
23.8,94.3
29.4,81.6
35.3,78.5
30.6,78.8
34.4,78
26.2,92.5
35.4,73.6
32.5,76.1
30.8,78.2
31.4,77.7
27.5,88.4
30,70.2
35.8,78.6
24.7,94.1
27.3,88
27.3,87.9
7.4,94.6
23.9,93.9
32.9,76.1
26,93.6
23.8,94.5
32.8,76
27.3,88.6
27.7,84.9
28.9,77
13.2,93.8
14.7,96.4
13.2,92.6
29.1,77.2
7.4,94.3
27.3,75.9
30.6,79.3
12.5,75.6
